"Reference","Qty","Value","DNP","Exclude from BOM","Exclude from Board","Footprint","Datasheet"
"C1,C2,C3,C4,C5,C6","6","10u 35v","","","","Capacitor_SMD:C_0805_2012Metric","https://www.murata.com/en-global/products/productdetail.aspx?partno=GRM21BC8YA106ME11%23"
"C7,C8","2","100n","","","","Capacitor_SMD:C_0402_1005Metric","https://search.murata.co.jp/Ceramy/image/img/A01X/G101/ENG/GRM155R71C104KA88-01.pdf"
"C9,C11","2","nf","","","","Capacitor_SMD:C_0402_1005Metric","https://search.murata.co.jp/Ceramy/image/img/A01X/G101/ENG/GJM1555C1H270JB01-01.pdf"
"C10","1","1.2nF","","","","Capacitor_SMD:C_0402_1005Metric","http://www.farnell.com/datasheets/2734135.pdf?_ga=2.259347658.1738794919.1588350964-1787849031.1568210898&_gac=1.15394434.1588350964.EAIaIQobChMIgrHHs4yT6QIVxevtCh39TA_nEAAYASAAEgK8PfD_BwE"
"C12,C13,C14,C15","4","10u","","","","Capacitor_SMD:C_0805_2012Metric","https://search.murata.co.jp/Ceramy/image/img/A01X/G101/ENG/GRM21BR71A106KA73-01.pdf"
"C16","1","100uF","","","","Capacitor_Tantalum_SMD:CP_EIA-7343-31_Kemet-D",""
"C17,C23,C24,C26,C27,C28,C29,C31,C33,C34,C36","11","100nF","","","","Capacitor_SMD:C_0603_1608Metric_Pad1.08x0.95mm_HandSolder",""
"C18,C19","2","10uF","","","","Capacitor_SMD:C_1206_3216Metric_Pad1.33x1.80mm_HandSolder",""
"C20,C21,C22,C25","4","4.7uF","","","","Capacitor_SMD:C_0603_1608Metric_Pad1.08x0.95mm_HandSolder",""
"C30","1","1uF","","","","Capacitor_SMD:C_0603_1608Metric_Pad1.08x0.95mm_HandSolder",""
"C32,C35","2","15pF","","","","Capacitor_SMD:C_0603_1608Metric_Pad1.08x0.95mm_HandSolder",""
"D1","1","SS56","","","","Diode_SMD:D_SMC","https://www.vishay.com/docs/88746/ss12.pdf"
"D2","1","SS16","","","","Diode_SMD:D_SMA","https://www.vishay.com/docs/88746/ss12.pdf"
"D3,D4","2","LED","","","","LED_SMD:LED_0603_1608Metric_Pad1.05x0.95mm_HandSolder",""
"F1","1","5A/24V","","","","Fuse:Fuse_2512_6332Metric_Pad1.52x3.35mm_HandSolder",""
"J1","1","Conn_01x02_Pin","","","","Connector_PinHeader_2.54mm:PinHeader_1x02_P2.54mm_Vertical",""
"J2","1","USB_B_Micro","","","","Connector_USB:USB_Micro-B_Amphenol_10103594-0001LF_Horizontal",""
"J3","1","Conn_01x05_Pin","","","","Connector_PinHeader_2.54mm:PinHeader_1x05_P2.54mm_Vertical",""
"L1","1","SRN6045TA-3R3Y","","","","Inductor_SMD:L_Bourns_SRN6045TA","https://www.bourns.com/docs/Product-Datasheets/SRN6045TA.pdf"
"L2","1","3.3uH","","","","Inductor_SMD:L_1008_2520Metric_Pad1.43x2.20mm_HandSolder",""
"M1","1","HC-12","","","","CAR TX:HC-12",""
"Q1","1","BC857","","","","Package_TO_SOT_SMD:SOT-23","https://www.onsemi.com/pub/Collateral/BC860-D.pdf"
"R1","1","10R","","","","Resistor_SMD:R_0402_1005Metric","https://fscdn.rohm.com/en/products/databook/datasheet/passive/resistor/chip_resistor/mcr-e.pdf"
"R2","1","12K 1%","","","","Resistor_SMD:R_0402_1005Metric","https://fscdn.rohm.com/en/products/databook/datasheet/passive/resistor/chip_resistor/mcr-e.pdf"
"R3","1","47K 1%","","","","Resistor_SMD:R_0402_1005Metric","https://fscdn.rohm.com/en/products/databook/datasheet/passive/resistor/chip_resistor/mcr-e.pdf"
"R4","1","15K 1%","","","","Resistor_SMD:R_0402_1005Metric","https://fscdn.rohm.com/en/products/databook/datasheet/passive/resistor/chip_resistor/mcr-e.pdf"
"R5,R6,R7,R9,R16,R18,R23","7","4k7","","","","Resistor_SMD:R_0603_1608Metric_Pad0.98x0.95mm_HandSolder",""
"R8","1","10k","DNP","","","Resistor_SMD:R_0603_1608Metric_Pad0.98x0.95mm_HandSolder",""
"R10","1","0R","DNP","","","Resistor_SMD:R_0603_1608Metric_Pad0.98x0.95mm_HandSolder",""
"R11,R12,R19,R27","4","1k","","","","Resistor_SMD:R_0603_1608Metric_Pad0.98x0.95mm_HandSolder",""
"R13,R14","2","27R","","","","Resistor_SMD:R_0603_1608Metric_Pad0.98x0.95mm_HandSolder",""
"R15","1","33R","","","","Resistor_SMD:R_0603_1608Metric_Pad0.98x0.95mm_HandSolder",""
"R17","1","330R","","","","Resistor_SMD:R_0603_1608Metric_Pad0.98x0.95mm_HandSolder",""
"R20,R21","2","0R","","","","Resistor_SMD:R_0603_1608Metric_Pad0.98x0.95mm_HandSolder",""
"R22","1","10k","","","","Resistor_SMD:R_0603_1608Metric_Pad0.98x0.95mm_HandSolder",""
"R28","1","470R","","","","Resistor_SMD:R_0603_1608Metric_Pad0.98x0.95mm_HandSolder",""
"SW1,SW2,SW3,SW4,SW5,SW6","6","SW_Push","","","","Button_Switch_SMD:SW_SPST_B3SL-1022P",""
"U1","1","AP64501SP-13","","","","Package_SO:SOIC-8-1EP_3.9x4.9mm_P1.27mm_EP2.95x4.9mm_Mask2.71x3.4mm_ThermalVias",""
"U2","1","W25Q128JVS","","","","Package_SO:SOIC-8_5.3x5.3mm_P1.27mm","https://www.winbond.com/resource-files/w25q128jv_dtr%20revc%2003272018%20plus.pdf"
"U3","1","LM1117MP-3.3","","","","Package_TO_SOT_SMD:SOT-223-3_TabPin2","http://www.ti.com/lit/ds/symlink/lm1117.pdf"
"U4","1","RP2354A","","","","Package_DFN_QFN:QFN-60-1EP_7x7mm_P0.4mm_EP3.4x3.4mm_ThermalVias","https://datasheets.raspberrypi.com/rp2350/rp2350-datasheet.pdf"
"Y1","1","12MHz","","","","Crystal:Crystal_SMD_SeikoEpson_FA238-4Pin_3.2x2.5mm",""
